<?xml version="1.0" encoding="UTF-8"?>

<!DOCTYPE struts PUBLIC
	"-//Apache Software Foundation//DTD Struts Configuration 2.3//EN"
	"http://struts.apache.org/dtds/struts-2.3.dtd">
<struts>
<constant name="struts.devMode" value="true"></constant>

<constant name="struts.convention.result.path" value="/"></constant>

<package name="user" namespace="/User" extends="struts-default">
	<action name="home">
		<result>/login.jsp</result>
	</action>
	<action name="login" class="com.journaldev.struts2hibernate.action.LoginAction">
	<result name="success">/welcome.jsp</result>
	<result name="error">/error.jsp</result>
	</action>

</package>

</struts>