<?xml version="1.0"?>
<!DOCTYPE hibernate-mapping PUBLIC "-//Hibernate/Hibernate Mapping DTD 3.0//EN"
"http://hibernate.org/dtd/hibernate-mapping-3.0.dtd">
<hibernate-mapping>
    <class name="com.journaldev.struts2hibernate.model.User" table="USER">
        <id name="id" type="java.lang.String">
            <column name="USER_ID" />
            <generator class="assigned" />
        </id>
        <property name="name" type="java.lang.String">
            <column name="NAME" />
        </property>
        <property name="pwd" type="java.lang.String">
            <column name="PASSWORD" />
        </property>
        <property name="email" type="java.lang.String">
            <column name="EMAIL" />
        </property>
    </class>
</hibernate-mapping>
